;name;property;chosen;;
1;alpha-CH chemical shifts (Andersen et al., 1992);;;;
2;Hydrophobicity index (Argos et al., 1982);hydrophobicity;1;;
3;Signal sequence helical potential (Argos et al., 1982);helix;;;
4;Membrane-buried preference parameters (Argos et al., 1982);;;;
5;Conformational parameter of inner helix (Beghin-Dirkx, 1975);helix;;;
6;Conformational parameter of beta-structure (Beghin-Dirkx, 1975);sheet;;;
7;Conformational parameter of beta-turn (Beghin-Dirkx, 1975);;;;
8;Average flexibility indices (Bhaskaran-Ponnuswamy, 1988);;1;;?
9;Residue volume (Bigelow, 1967);size;;;
10;"Information value for accessibility; average fraction 35% (Biou et al., 1988)";;;;
11;"Information value for accessibility; average fraction 23% (Biou et al., 1988)";;;;
12;Retention coefficient in TFA (Browne et al., 1982);;;;
13;Retention coefficient in HFBA (Browne et al., 1982);;;;
14;Transfer free energy to surface (Bull-Breese, 1974);;;;
15;Apparent partial specific volume (Bull-Breese, 1974);;;;
16;alpha-NH chemical shifts (Bundi-Wuthrich, 1979);;;;
17;alpha-CH chemical shifts (Bundi-Wuthrich, 1979);;;;
18;Spin-spin coupling constants 3JHalpha-NH (Bundi-Wuthrich, 1979);;;;
19;Normalized frequency of alpha-helix (Burgess et al., 1974);helix;;;
20;Normalized frequency of extended structure (Burgess et al., 1974);;;;
21;Steric parameter (Charton, 1981);;;;
22;Polarizability parameter (Charton-Charton, 1982);polarity;1;;
23;Free energy of solution in water, kcal/mole (Charton-Charton, 1982);;;;
24;The Chou-Fasman parameter of the coil conformation (Charton-Charton, 1983);;;;
25;A parameter defined from the residuals obtained from the best correlation of the Chou-Fasman parameter of beta-sheet (Charton-Charton, 1983);sheet;;;
26;The number of atoms in the side chain labelled 1+1 (Charton-Charton, 1983);;;;
27;The number of atoms in the side chain labelled 2+1 (Charton-Charton, 1983);;;;
28;The number of atoms in the side chain labelled 3+1 (Charton-Charton, 1983);;;;
29;The number of bonds in the longest chain (Charton-Charton, 1983);;;;
30;A parameter of charge transfer capability (Charton-Charton, 1983);;;;
31;A parameter of charge transfer donor capability (Charton-Charton, 1983);;;;
32;Average volume of buried residue (Chothia, 1975);;;;
33;Residue accessible surface area in tripeptide (Chothia, 1976);solvent surface area;;;
34;Residue accessible surface area in folded protein (Chothia, 1976);solvent surface area;;;
35;Proportion of residues 95% buried (Chothia, 1976);;;;
36;Proportion of residues 100% buried (Chothia, 1976);;;;
37;Normalized frequency of beta-turn (Chou-Fasman, 1978a);;;;
38;Normalized frequency of alpha-helix (Chou-Fasman, 1978b);helix;;;
39;Normalized frequency of beta-sheet (Chou-Fasman, 1978b);sheet;;;
40;Normalized frequency of beta-turn (Chou-Fasman, 1978b);;;;
41;Normalized frequency of N-terminal helix (Chou-Fasman, 1978b);helix;;;
42;Normalized frequency of C-terminal helix (Chou-Fasman, 1978b);helix;;;
43;Normalized frequency of N-terminal non helical region (Chou-Fasman, 1978b);helix;;;
44;Normalized frequency of C-terminal non helical region (Chou-Fasman, 1978b);helix;;;
45;Normalized frequency of N-terminal beta-sheet (Chou-Fasman, 1978b);sheet;;;
46;Normalized frequency of C-terminal beta-sheet (Chou-Fasman, 1978b);sheet;;;
47;Normalized frequency of N-terminal non beta region (Chou-Fasman, 1978b);;;;
48;Normalized frequency of C-terminal non beta region (Chou-Fasman, 1978b);;;;
49;Frequency of the 1st residue in turn (Chou-Fasman, 1978b);;;;
50;Frequency of the 2nd residue in turn (Chou-Fasman, 1978b);;;;
51;Frequency of the 3rd residue in turn (Chou-Fasman, 1978b);;;;
52;Frequency of the 4th residue in turn (Chou-Fasman, 1978b);;;;
53;Normalized frequency of the 2nd and 3rd residues in turn (Chou-Fasman, 1978b);;;;
54;Normalized hydrophobicity scales for alpha-proteins (Cid et al., 1992);hydrophobicity;;;
55;Normalized hydrophobicity scales for beta-proteins (Cid et al., 1992);hydrophobicity;;1;
56;Normalized hydrophobicity scales for alpha+beta-proteins (Cid et al., 1992);hydrophobicity;;;
57;Normalized hydrophobicity scales for alpha/beta-proteins (Cid et al., 1992);hydrophobicity;;;
58;Normalized average hydrophobicity scales (Cid et al., 1992);hydrophobicity;;;
59;Partial specific volume (Cohn-Edsall, 1943);size;;1;
60;Normalized frequency of middle helix (Crawford et al., 1973);helix;;;
61;Normalized frequency of beta-sheet (Crawford et al., 1973);sheet;;;
62;Normalized frequency of turn (Crawford et al., 1973);;;;
63;Size (Dawson, 1972);size;;;
64;Amino acid composition (Dayhoff et al., 1978a);;;;
65;Relative mutability (Dayhoff et al., 1978b);;;;
66;Membrane preference for cytochrome b: MPH89 (Degli Esposti et al., 1990);;;;
67;Average membrane preference: AMP07 (Degli Esposti et al., 1990);;;;
68;Consensus normalized hydrophobicity scale (Eisenberg, 1984);hydrophobicity;;;
69;Solvation free energy (Eisenberg-McLachlan, 1986);;;;
70;Atom-based hydrophobic moment (Eisenberg-McLachlan, 1986);hydrophobicity;;;
71;Direction of hydrophobic moment (Eisenberg-McLachlan, 1986);hydrophobicity;;;
72;Molecular weight (Fasman, 1976);;;;
73;Melting point (Fasman, 1976);size;;;
74;Optical rotation (Fasman, 1976);;;;
75;pK-N (Fasman, 1976);;;;
76;pK-C (Fasman, 1976);;;;
77;Hydrophobic parameter pi (Fauchere-Pliska, 1983);hydrophobicity;;;
78;Graph shape index (Fauchere et al., 1988);;;;
79;Smoothed upsilon steric parameter (Fauchere et al., 1988);;;;
80;Normalized van der Waals volume (Fauchere et al., 1988);;;;
81;STERIMOL length of the side chain (Fauchere et al., 1988);;;;
82;STERIMOL minimum width of the side chain (Fauchere et al., 1988);;;;
83;STERIMOL maximum width of the side chain (Fauchere et al., 1988);;;;
84;N.m.r. chemical shift of alpha-carbon (Fauchere et al., 1988);;;;
85;Localized electrical effect (Fauchere et al., 1988);;;;
86;Number of hydrogen bond donors (Fauchere et al., 1988);;;;
87;Number of full nonbonding orbitals (Fauchere et al., 1988);;;;
88;Positive charge (Fauchere et al., 1988);;;;
89;Negative charge (Fauchere et al., 1988);;;;
90;pK-a(RCOOH) (Fauchere et al., 1988);;;;
91;Helix-coil equilibrium constant (Finkelstein-Ptitsyn, 1977);helix;;;
92;Helix initiation parameter at posision i-1 (Finkelstein et al., 1991);helix;;;
93;Helix initiation parameter at posision i,i+1,i+2 (Finkelstein et al., 1991);helix;;;
94;Helix termination parameter at posision j-2,j-1,j (Finkelstein et al., 1991);helix;;;
95;Helix termination parameter at posision j+1 (Finkelstein et al., 1991);helix;;;
96;Partition coefficient (Garel et al., 1973);;;;
97;Alpha-helix indices (Geisow-Roberts, 1980);helix;;;
98;Alpha-helix indices for alpha-proteins (Geisow-Roberts, 1980);helix;;;
99;Alpha-helix indices for beta-proteins (Geisow-Roberts, 1980);helix;;;
100;Alpha-helix indices for alpha/beta-proteins (Geisow-Roberts, 1980);helix;;;
101;Beta-strand indices (Geisow-Roberts, 1980);;;;
102;Beta-strand indices for beta-proteins (Geisow-Roberts, 1980);;;;
103;Beta-strand indices for alpha/beta-proteins (Geisow-Roberts, 1980);;;;
104;Aperiodic indices (Geisow-Roberts, 1980);;;;
105;Aperiodic indices for alpha-proteins (Geisow-Roberts, 1980);;;;
106;Aperiodic indices for beta-proteins (Geisow-Roberts, 1980);;;;
107;Aperiodic indices for alpha/beta-proteins (Geisow-Roberts, 1980);;;;
108;Hydrophobicity factor (Goldsack-Chalifoux, 1973);hydrophobicity;;;
109;Residue volume (Goldsack-Chalifoux, 1973);size;;;
110;Composition (Grantham, 1974);;;;
111;Polarity (Grantham, 1974);polarity;;;
112;Volume (Grantham, 1974);size;;;
113;Partition energy (Guy, 1985);;;;
114;Hydration number (Hopfinger, 1971), Cited by Charton-Charton (1982);;;;
115;Hydrophilicity value (Hopp-Woods, 1981);hydrophobicity;;;
116;Heat capacity (Hutchens, 1970);;;;
117;Absolute entropy (Hutchens, 1970);;;;
118;Entropy of formation (Hutchens, 1970);;;;
119;Normalized relative frequency of alpha-helix (Isogai et al., 1980);helix;;;
120;Normalized relative frequency of extended structure (Isogai et al., 1980);;;;
121;Normalized relative frequency of bend (Isogai et al., 1980);;;;
122;Normalized relative frequency of bend R (Isogai et al., 1980);;;;
123;Normalized relative frequency of bend S (Isogai et al., 1980);;;;
124;Normalized relative frequency of helix end (Isogai et al., 1980);helix;;;
125;Normalized relative frequency of double bend (Isogai et al., 1980);;;;
126;Normalized relative frequency of coil (Isogai et al., 1980);;;;
127;Average accessible surface area (Janin et al., 1978);solvent surface area;;;
128;Percentage of buried residues (Janin et al., 1978);;;;
129;Percentage of exposed residues (Janin et al., 1978);;;;
130;Ratio of buried and accessible molar fractions (Janin, 1979);;;;
131;Transfer free energy (Janin, 1979);;;;
132;Hydrophobicity (Jones, 1975);hydrophobicity;;;
133;pK (-COOH) (Jones, 1975);;;;
134;Relative frequency of occurrence (Jones et al., 1992);;;;
135;Relative mutability (Jones et al., 1992);;;;
136;Amino acid distribution (Jukes et al., 1975);;;;
137;Sequence frequency (Jungck, 1978);;;;
138;Average relative probability of helix (Kanehisa-Tsong, 1980);helix;;;
139;Average relative probability of beta-sheet (Kanehisa-Tsong, 1980);sheet;;;
140;Average relative probability of inner helix (Kanehisa-Tsong, 1980);helix;;;
141;Average relative probability of inner beta-sheet (Kanehisa-Tsong, 1980);sheet;1;;
142;Flexibility parameter for no rigid neighbors (Karplus-Schulz, 1985);;;;
143;Flexibility parameter for one rigid neighbor (Karplus-Schulz, 1985);;;;
144;Flexibility parameter for two rigid neighbors (Karplus-Schulz, 1985);;;;
145;The Kerr-constant increments (Khanarian-Moore, 1980);;;;
146;Net charge (Klein et al., 1984);;;;
147;Side chain interaction parameter (Krigbaum-Rubin, 1971);;;;
148;Side chain interaction parameter (Krigbaum-Komoriya, 1979);;;;
149;Fraction of site occupied by water (Krigbaum-Komoriya, 1979);;;;
150;Side chain volume (Krigbaum-Komoriya, 1979);size;;;
151;Hydropathy index (Kyte-Doolittle, 1982);;;;
152;Transfer free energy, CHP/water (Lawson et al., 1984);;;;
153;Hydrophobic parameter (Levitt, 1976);hydrophobicity;;;
154;Distance between C-alpha and centroid of side chain (Levitt, 1976);;;;
155;Side chain angle theta(AAR) (Levitt, 1976);;;;
156;Side chain torsion angle phi(AAAR) (Levitt, 1976);;;;
157;Radius of gyration of side chain (Levitt, 1976);;;;
158;van der Waals parameter R0 (Levitt, 1976);;;;
159;van der Waals parameter epsilon (Levitt, 1976);;;;
160;Normalized frequency of alpha-helix, with weights (Levitt, 1978);helix;;;
161;Normalized frequency of beta-sheet, with weights (Levitt, 1978);sheet;;;
162;Normalized frequency of reverse turn, with weights (Levitt, 1978);;;;
163;Normalized frequency of alpha-helix, unweighted (Levitt, 1978);helix;;;
164;Normalized frequency of beta-sheet, unweighted (Levitt, 1978);sheet;;;
165;Normalized frequency of reverse turn, unweighted (Levitt, 1978);;;;
166;Frequency of occurrence in beta-bends (Lewis et al., 1971);;;;
167;Conformational preference for all beta-strands (Lifson-Sander, 1979);;;;
168;Conformational preference for parallel beta-strands (Lifson-Sander, 1979);;;;
169;Conformational preference for antiparallel beta-strands (Lifson-Sander, 1979);;;;
170;Average surrounding hydrophobicity (Manavalan-Ponnuswamy, 1978);hydrophobicity;;;
171;Normalized frequency of alpha-helix (Maxfield-Scheraga, 1976);helix;;;
172;Normalized frequency of extended structure (Maxfield-Scheraga, 1976);;;;
173;Normalized frequency of zeta R (Maxfield-Scheraga, 1976);;;;
174;Normalized frequency of left-handed alpha-helix (Maxfield-Scheraga, 1976);helix;;;
175;Normalized frequency of zeta L (Maxfield-Scheraga, 1976);;;;
176;Normalized frequency of alpha region (Maxfield-Scheraga, 1976);;;;
177;Refractivity (McMeekin et al., 1964), Cited by Jones (1975);;;;
178;Retention coefficient in HPLC, pH7.4 (Meek, 1980);;;;
179;Retention coefficient in HPLC, pH2.1 (Meek, 1980);;;;
180;Retention coefficient in NaClO4 (Meek-Rossetti, 1981);;;;
181;Retention coefficient in NaH2PO4 (Meek-Rossetti, 1981);;;;
182;Average reduced distance for C-alpha (Meirovitch et al., 1980);;;;
183;Average reduced distance for side chain (Meirovitch et al., 1980);;;;
184;Average side chain orientation angle (Meirovitch et al., 1980);;;;
185;Effective partition energy (Miyazawa-Jernigan, 1985);;;;
186;Normalized frequency of alpha-helix (Nagano, 1973);helix;;;
187;Normalized frequency of bata-structure (Nagano, 1973);;;;
188;Normalized frequency of coil (Nagano, 1973);;;;
189;AA composition of total proteins (Nakashima et al., 1990);;;;
190;SD of AA composition of total proteins (Nakashima et al., 1990);;;;
191;AA composition of mt-proteins (Nakashima et al., 1990);;;;
192;Normalized composition of mt-proteins (Nakashima et al., 1990);;;;
193;AA composition of mt-proteins from animal (Nakashima et al., 1990);;;;
194;Normalized composition from animal (Nakashima et al., 1990);;;;
195;AA composition of mt-proteins from fungi and plant (Nakashima et al., 1990);;;;
196;Normalized composition from fungi and plant (Nakashima et al., 1990);;;;
197;AA composition of membrane proteins (Nakashima et al., 1990);;;;
198;Normalized composition of membrane proteins (Nakashima et al., 1990);;;;
199;Transmembrane regions of non-mt-proteins (Nakashima et al., 1990);;;;
200;Transmembrane regions of mt-proteins (Nakashima et al., 1990);;;;
201;Ratio of average and computed composition (Nakashima et al., 1990);;;;
202;AA composition of CYT of single-spanning proteins (Nakashima-Nishikawa, 1992);;;;
203;AA composition of CYT2 of single-spanning proteins (Nakashima-Nishikawa, 1992);;;;
204;AA composition of EXT of single-spanning proteins (Nakashima-Nishikawa, 1992);;;;
205;AA composition of EXT2 of single-spanning proteins (Nakashima-Nishikawa, 1992);;;;
206;AA composition of MEM of single-spanning proteins (Nakashima-Nishikawa, 1992);;;;
207;AA composition of CYT of multi-spanning proteins (Nakashima-Nishikawa, 1992);;;;
208;AA composition of EXT of multi-spanning proteins (Nakashima-Nishikawa, 1992);;;;
209;AA composition of MEM of multi-spanning proteins (Nakashima-Nishikawa, 1992);;;;
210;8 A contact number (Nishikawa-Ooi, 1980);;;;
211;14 A contact number (Nishikawa-Ooi, 1986);;1;;
212;Transfer energy, organic solvent/water (Nozaki-Tanford, 1971);;;;
213;Average non-bonded energy per atom (Oobatake-Ooi, 1977);;;;
214;Short and medium range non-bonded energy per atom (Oobatake-Ooi, 1977);;;;
215;Long range non-bonded energy per atom (Oobatake-Ooi, 1977);;;;
216;Average non-bonded energy per residue (Oobatake-Ooi, 1977);;;;
217;Short and medium range non-bonded energy per residue (Oobatake-Ooi, 1977);;;;
218;Optimized beta-structure-coil equilibrium constant (Oobatake et al., 1985);;;;
219;Optimized propensity to form reverse turn (Oobatake et al., 1985);;;;
220;Optimized transfer energy parameter (Oobatake et al., 1985);;;;
221;Optimized average non-bonded energy per atom (Oobatake et al., 1985);;;;
222;Optimized side chain interaction parameter (Oobatake et al., 1985);;;;
223;Normalized frequency of alpha-helix from LG (Palau et al., 1981);helix;;;
224;Normalized frequency of alpha-helix from CF (Palau et al., 1981);helix;;;
225;Normalized frequency of beta-sheet from LG (Palau et al., 1981);sheet;;;
226;Normalized frequency of beta-sheet from CF (Palau et al., 1981);sheet;;;
227;Normalized frequency of turn from LG (Palau et al., 1981);;;;
228;Normalized frequency of turn from CF (Palau et al., 1981);;;;
229;Normalized frequency of alpha-helix in all-alpha class (Palau et al., 1981);helix;;;
230;Normalized frequency of alpha-helix in alpha+beta class (Palau et al., 1981);helix;;;
231;Normalized frequency of alpha-helix in alpha/beta class (Palau et al., 1981);helix;;;
232;Normalized frequency of beta-sheet in all-beta class (Palau et al., 1981);sheet;;;
233;Normalized frequency of beta-sheet in alpha+beta class (Palau et al., 1981);sheet;;;
234;Normalized frequency of beta-sheet in alpha/beta class (Palau et al., 1981);sheet;;;
235;Normalized frequency of turn in all-alpha class (Palau et al., 1981);;;;
236;Normalized frequency of turn in all-beta class (Palau et al., 1981);;;;
237;Normalized frequency of turn in alpha+beta class (Palau et al., 1981);;;;
238;Normalized frequency of turn in alpha/beta class (Palau et al., 1981);;;;
239;HPLC parameter (Parker et al., 1986);;;;
240;Partition coefficient (Pliska et al., 1981);;;;
241;Surrounding hydrophobicity in folded form (Ponnuswamy et al., 1980);hydrophobicity;;;
242;Average gain in surrounding hydrophobicity (Ponnuswamy et al., 1980);hydrophobicity;;;
243;Average gain ratio in surrounding hydrophobicity (Ponnuswamy et al., 1980);hydrophobicity;;;
244;Surrounding hydrophobicity in alpha-helix (Ponnuswamy et al., 1980);helix;;;
245;Surrounding hydrophobicity in beta-sheet (Ponnuswamy et al., 1980);sheet;;;
246;Surrounding hydrophobicity in turn (Ponnuswamy et al., 1980);hydrophobicity;;;
247;Accessibility reduction ratio (Ponnuswamy et al., 1980);;;;
248;Average number of surrounding residues (Ponnuswamy et al., 1980);;;;
249;Intercept in regression analysis (Prabhakaran-Ponnuswamy, 1982);;;;
250;Slope in regression analysis x 1.0E1 (Prabhakaran-Ponnuswamy, 1982);;;;
251;Correlation coefficient in regression analysis (Prabhakaran-Ponnuswamy, 1982);;;;
252;Hydrophobicity (Prabhakaran, 1990);hydrophobicity;1;;
253;Relative frequency in alpha-helix (Prabhakaran, 1990);helix;;;
254;Relative frequency in beta-sheet (Prabhakaran, 1990);sheet;1;;
255;Relative frequency in reverse-turn (Prabhakaran, 1990);;;;
256;Helix-coil equilibrium constant (Ptitsyn-Finkelstein, 1983);helix;;;
257;Beta-coil equilibrium constant (Ptitsyn-Finkelstein, 1983);;;;
258;Weights for alpha-helix at the window position of -6 (Qian-Sejnowski, 1988);helix;;;
259;Weights for alpha-helix at the window position of -5 (Qian-Sejnowski, 1988);helix;;;
260;Weights for alpha-helix at the window position of -4 (Qian-Sejnowski, 1988);helix;;;
261;Weights for alpha-helix at the window position of -3 (Qian-Sejnowski, 1988);helix;;;
262;Weights for alpha-helix at the window position of -2 (Qian-Sejnowski, 1988);helix;;;
263;Weights for alpha-helix at the window position of -1 (Qian-Sejnowski, 1988);helix;;;
264;Weights for alpha-helix at the window position of 0 (Qian-Sejnowski, 1988);helix;;;
265;Weights for alpha-helix at the window position of 1 (Qian-Sejnowski, 1988);helix;;;
266;Weights for alpha-helix at the window position of 2 (Qian-Sejnowski, 1988);helix;;;
267;Weights for alpha-helix at the window position of 3 (Qian-Sejnowski, 1988);helix;;;
268;Weights for alpha-helix at the window position of 4 (Qian-Sejnowski, 1988);helix;;;
269;Weights for alpha-helix at the window position of 5 (Qian-Sejnowski, 1988);helix;;;
270;Weights for alpha-helix at the window position of 6 (Qian-Sejnowski, 1988);helix;;;
271;Weights for beta-sheet at the window position of -6 (Qian-Sejnowski, 1988);sheet;;;
272;Weights for beta-sheet at the window position of -5 (Qian-Sejnowski, 1988);sheet;;;
273;Weights for beta-sheet at the window position of -4 (Qian-Sejnowski, 1988);sheet;;;
274;Weights for beta-sheet at the window position of -3 (Qian-Sejnowski, 1988);sheet;;;
275;Weights for beta-sheet at the window position of -2 (Qian-Sejnowski, 1988);sheet;;;
276;Weights for beta-sheet at the window position of -1 (Qian-Sejnowski, 1988);sheet;;;
277;Weights for beta-sheet at the window position of 0 (Qian-Sejnowski, 1988);sheet;;;
278;Weights for beta-sheet at the window position of 1 (Qian-Sejnowski, 1988);sheet;;;
279;Weights for beta-sheet at the window position of 2 (Qian-Sejnowski, 1988);sheet;;;
280;Weights for beta-sheet at the window position of 3 (Qian-Sejnowski, 1988);sheet;;;
281;Weights for beta-sheet at the window position of 4 (Qian-Sejnowski, 1988);sheet;;;
282;Weights for beta-sheet at the window position of 5 (Qian-Sejnowski, 1988);sheet;;;
283;Weights for beta-sheet at the window position of 6 (Qian-Sejnowski, 1988);sheet;;;
284;Weights for coil at the window position of -6 (Qian-Sejnowski, 1988);;;;
285;Weights for coil at the window position of -5 (Qian-Sejnowski, 1988);;;;
286;Weights for coil at the window position of -4 (Qian-Sejnowski, 1988);;;;
287;Weights for coil at the window position of -3 (Qian-Sejnowski, 1988);;;;
288;Weights for coil at the window position of -2 (Qian-Sejnowski, 1988);;;;
289;Weights for coil at the window position of -1 (Qian-Sejnowski, 1988);;;;
290;Weights for coil at the window position of 0 (Qian-Sejnowski, 1988);;;;
291;Weights for coil at the window position of 1 (Qian-Sejnowski, 1988);;;;
292;Weights for coil at the window position of 2 (Qian-Sejnowski, 1988);;;;
293;Weights for coil at the window position of 3 (Qian-Sejnowski, 1988);;;;
294;Weights for coil at the window position of 4 (Qian-Sejnowski, 1988);;;;
295;Weights for coil at the window position of 5 (Qian-Sejnowski, 1988);;;;
296;Weights for coil at the window position of 6 (Qian-Sejnowski, 1988);;;;
297;Average reduced distance for C-alpha (Rackovsky-Scheraga, 1977);;;;
298;Average reduced distance for side chain (Rackovsky-Scheraga, 1977);;;;
299;Side chain orientational preference (Rackovsky-Scheraga, 1977);;;;
300;Average relative fractional occurrence in A0(i) (Rackovsky-Scheraga, 1982);;;;
301;Average relative fractional occurrence in AR(i) (Rackovsky-Scheraga, 1982);;;;
302;Average relative fractional occurrence in AL(i) (Rackovsky-Scheraga, 1982);;;;
303;Average relative fractional occurrence in EL(i) (Rackovsky-Scheraga, 1982);;;;
304;Average relative fractional occurrence in E0(i) (Rackovsky-Scheraga, 1982);;;;
305;Average relative fractional occurrence in ER(i) (Rackovsky-Scheraga, 1982);;;;
306;Average relative fractional occurrence in A0(i-1) (Rackovsky-Scheraga, 1982);;;;
307;Average relative fractional occurrence in AR(i-1) (Rackovsky-Scheraga, 1982);;;;
308;Average relative fractional occurrence in AL(i-1) (Rackovsky-Scheraga, 1982);;;;
309;Average relative fractional occurrence in EL(i-1) (Rackovsky-Scheraga, 1982);;;;
310;Average relative fractional occurrence in E0(i-1) (Rackovsky-Scheraga, 1982);;;;
311;Average relative fractional occurrence in ER(i-1) (Rackovsky-Scheraga, 1982);;;;
312;Value of theta(i) (Rackovsky-Scheraga, 1982);;;;
313;Value of theta(i-1) (Rackovsky-Scheraga, 1982);;;;
314;Transfer free energy from chx to wat (Radzicka-Wolfenden, 1988);;;;
315;Transfer free energy from oct to wat (Radzicka-Wolfenden, 1988);;;;
316;Transfer free energy from vap to chx (Radzicka-Wolfenden, 1988);;;;
317;Transfer free energy from chx to oct (Radzicka-Wolfenden, 1988);;;;
318;Transfer free energy from vap to oct (Radzicka-Wolfenden, 1988);;;;
319;Accessible surface area (Radzicka-Wolfenden, 1988);solvent surface area;1;;
320;Energy transfer from out to in(95%buried) (Radzicka-Wolfenden, 1988);;;;
321;Mean polarity (Radzicka-Wolfenden, 1988);polarity;1;;
322;"Relative preference value at N"" (Richardson-Richardson, 1988)";;;;
323;Relative preference value at N' (Richardson-Richardson, 1988);;;;
324;Relative preference value at N-cap (Richardson-Richardson, 1988);;;;
325;Relative preference value at N1 (Richardson-Richardson, 1988);;;;
326;Relative preference value at N2 (Richardson-Richardson, 1988);;;;
327;Relative preference value at N3 (Richardson-Richardson, 1988);;;;
328;Relative preference value at N4 (Richardson-Richardson, 1988);;;;
329;Relative preference value at N5 (Richardson-Richardson, 1988);;;;
330;Relative preference value at Mid (Richardson-Richardson, 1988);;;;
331;Relative preference value at C5 (Richardson-Richardson, 1988);;;;
332;Relative preference value at C4 (Richardson-Richardson, 1988);;;;
333;Relative preference value at C3 (Richardson-Richardson, 1988);;;;
334;Relative preference value at C2 (Richardson-Richardson, 1988);;;;
335;Relative preference value at C1 (Richardson-Richardson, 1988);;;;
336;Relative preference value at C-cap (Richardson-Richardson, 1988);;;;
337;Relative preference value at C' (Richardson-Richardson, 1988);;;;
338;"Relative preference value at C"" (Richardson-Richardson, 1988)";;;;
339;Information measure for alpha-helix (Robson-Suzuki, 1976);helix;;;
340;Information measure for N-terminal helix (Robson-Suzuki, 1976);helix;;;
341;Information measure for middle helix (Robson-Suzuki, 1976);helix;;;
342;Information measure for C-terminal helix (Robson-Suzuki, 1976);helix;;;
343;Information measure for extended (Robson-Suzuki, 1976);;;;
344;Information measure for pleated-sheet (Robson-Suzuki, 1976);sheet;;;
345;Information measure for extended without H-bond (Robson-Suzuki, 1976);;;;
346;Information measure for turn (Robson-Suzuki, 1976);;;;
347;Information measure for N-terminal turn (Robson-Suzuki, 1976);;;;
348;Information measure for middle turn (Robson-Suzuki, 1976);;;;
349;Information measure for C-terminal turn (Robson-Suzuki, 1976);;;;
350;Information measure for coil (Robson-Suzuki, 1976);;;;
351;Information measure for loop (Robson-Suzuki, 1976);;;;
352;Hydration free energy (Robson-Osguthorpe, 1979);;;;
353;Mean area buried on transfer (Rose et al., 1985);;;;
354;Mean fractional area loss (Rose et al., 1985);;;;
355;Side chain hydropathy, uncorrected for solvation (Roseman, 1988);;;;
356;Side chain hydropathy, corrected for solvation (Roseman, 1988);;;;
357;Loss of Side chain hydropathy by helix formation (Roseman, 1988);helix;;;
358;Transfer free energy (Simon, 1976), Cited by Charton-Charton (1982);;;;
359;Principal component I (Sneath, 1966);;;;
360;Principal component II (Sneath, 1966);;;;
361;Principal component III (Sneath, 1966);;;;
362;Principal component IV (Sneath, 1966);;;;
363;Zimm-Bragg parameter s at 20 C (Sueki et al., 1984);;;;
364;Zimm-Bragg parameter sigma x 1.0E4 (Sueki et al., 1984);;;;
365;Optimal matching hydrophobicity (Sweet-Eisenberg, 1983);hydrophobicity;1;;
366;Normalized frequency of alpha-helix (Tanaka-Scheraga, 1977);helix;;;
367;Normalized frequency of isolated helix (Tanaka-Scheraga, 1977);helix;;;
368;Normalized frequency of extended structure (Tanaka-Scheraga, 1977);;;;
369;Normalized frequency of chain reversal R (Tanaka-Scheraga, 1977);;;;
370;Normalized frequency of chain reversal S (Tanaka-Scheraga, 1977);;;;
371;Normalized frequency of chain reversal D (Tanaka-Scheraga, 1977);;;;
372;Normalized frequency of left-handed helix (Tanaka-Scheraga, 1977);helix;;;
373;Normalized frequency of zeta R (Tanaka-Scheraga, 1977);;;;
374;Normalized frequency of coil (Tanaka-Scheraga, 1977);;;;
375;Normalized frequency of chain reversal (Tanaka-Scheraga, 1977);;;;
376;Relative population of conformational state A (Vasquez et al., 1983);;;;
377;Relative population of conformational state C (Vasquez et al., 1983);;;;
378;Relative population of conformational state E (Vasquez et al., 1983);;;;
379;Electron-ion interaction potential (Veljkovic et al., 1985);;;;
380;Bitterness (Venanzi, 1984);;;;
381;Transfer free energy to lipophilic phase (von Heijne-Blomberg, 1979);;;;
382;Average interactions per side chain atom (Warme-Morgan, 1978);;;;
383;RF value in high salt chromatography (Weber-Lacey, 1978);;;;
384;Propensity to be buried inside (Wertz-Scheraga, 1978);;;;
385;Free energy change of epsilon(i) to epsilon(ex) (Wertz-Scheraga, 1978);;;;
386;Free energy change of alpha(Ri) to alpha(Rh) (Wertz-Scheraga, 1978);;;;
387;Free energy change of epsilon(i) to alpha(Rh) (Wertz-Scheraga, 1978);;;;
388;Polar requirement (Woese, 1973);polarity;;;
389;Hydration potential (Wolfenden et al., 1981);;;;
390;Principal property value z1 (Wold et al., 1987);;;;
391;Principal property value z2 (Wold et al., 1987);;;;
392;Principal property value z3 (Wold et al., 1987);;;;
393;Unfolding Gibbs energy in water, pH7.0 (Yutani et al., 1987);;;;
394;Unfolding Gibbs energy in water, pH9.0 (Yutani et al., 1987);;;;
395;Activation Gibbs energy of unfolding, pH7.0 (Yutani et al., 1987);;;;
396;Activation Gibbs energy of unfolding, pH9.0 (Yutani et al., 1987);;;;
397;Dependence of partition coefficient on ionic strength (Zaslavsky et al., 1982);;;;
398;Hydrophobicity (Zimmerman et al., 1968);hydrophobicity;;;
399;Bulkiness (Zimmerman et al., 1968);size;;;
400;Polarity (Zimmerman et al., 1968);polarity;;;
401;Isoelectric point (Zimmerman et al., 1968);;;;
402;RF rank (Zimmerman et al., 1968);;;;
403;Normalized positional residue frequency at helix termini N4'(Aurora-Rose, 1998);helix;;;
404;"Normalized positional residue frequency at helix termini N""' (Aurora-Rose, 1998)";helix;;;
405;"Normalized positional residue frequency at helix termini N"" (Aurora-Rose, 1998)";helix;;;
406;Normalized positional residue frequency at helix termini N'(Aurora-Rose, 1998);helix;;;
407;Normalized positional residue frequency at helix termini Nc (Aurora-Rose, 1998);helix;;;
408;Normalized positional residue frequency at helix termini N1 (Aurora-Rose, 1998);helix;;;
409;Normalized positional residue frequency at helix termini N2 (Aurora-Rose, 1998);helix;;;
410;Normalized positional residue frequency at helix termini N3 (Aurora-Rose, 1998);helix;;;
411;Normalized positional residue frequency at helix termini N4 (Aurora-Rose, 1998);helix;;;
412;Normalized positional residue frequency at helix termini N5 (Aurora-Rose, 1998);helix;;;
413;Normalized positional residue frequency at helix termini C5 (Aurora-Rose, 1998);helix;;;
414;Normalized positional residue frequency at helix termini C4 (Aurora-Rose, 1998);helix;;;
415;Normalized positional residue frequency at helix termini C3 (Aurora-Rose, 1998);helix;;;
416;Normalized positional residue frequency at helix termini C2 (Aurora-Rose, 1998);helix;;;
417;Normalized positional residue frequency at helix termini C1 (Aurora-Rose, 1998);helix;;;
418;Normalized positional residue frequency at helix termini Cc (Aurora-Rose, 1998);helix;;;
419;Normalized positional residue frequency at helix termini C' (Aurora-Rose, 1998);helix;;;
420;"Normalized positional residue frequency at helix termini C"" (Aurora-Rose, 1998)";helix;;;
421;"Normalized positional residue frequency at helix termini C""' (Aurora-Rose, 1998)";helix;;;
422;Normalized positional residue frequency at helix termini C4' (Aurora-Rose, 1998);helix;;;
423;Delta G values for the peptides extrapolated to 0 M urea (O'Neil-DeGrado, 1990);;;;
424;Helix formation parameters (delta delta G) (O'Neil-DeGrado, 1990);helix;;;
425;Normalized flexibility parameters (B-values), average (Vihinen et al., 1994);;;;
426;Normalized flexibility parameters (B-values) for each residue surrounded by none rigid neighbours (Vihinen et al., 1994);;;;
427;Normalized flexibility parameters (B-values) for each residue surrounded by one rigid neighbours (Vihinen et al., 1994);;;;
428;Normalized flexibility parameters (B-values) for each residue surrounded by two rigid neighbours (Vihinen et al., 1994);;;;
429;Free energy in alpha-helical conformation (Munoz-Serrano, 1994);helix;;;
430;Free energy in alpha-helical region (Munoz-Serrano, 1994);helix;;;
431;Free energy in beta-strand conformation (Munoz-Serrano, 1994);;;;
432;Free energy in beta-strand region (Munoz-Serrano, 1994);;;;
433;Free energy in beta-strand region (Munoz-Serrano, 1994);;;;
434;Free energies of transfer of AcWl-X-LL peptides from bilayer interface to water (Wimley-White, 1996);;;;
435;Thermodynamic beta sheet propensity (Kim-Berg, 1993);sheet;1;;
436;Turn propensity scale for transmembrane helices (Monne et al., 1999);helix;;;
437;Alpha helix propensity of position 44 in T4 lysozyme (Blaber et al., 1993);helix;;;
438;p-Values of mesophilic proteins based on the distributions of B values (Parthasarathy-Murthy, 2000);;;;
439;p-Values of thermophilic proteins based on the distributions of B values (Parthasarathy-Murthy, 2000);;;;
440;Distribution of amino acid residues in the 18 non-redundant families of thermophilic proteins (Kumar et al., 2000);;;;
441;Distribution of amino acid residues in the 18 non-redundant families of mesophilic proteins (Kumar et al., 2000);;;;
442;Distribution of amino acid residues in the alpha-helices in thermophilic proteins (Kumar et al., 2000);helix;;;
443;Distribution of amino acid residues in the alpha-helices in mesophilic proteins (Kumar et al., 2000);helix;;;
444;Side-chain contribution to protein stability (kJ/mol) (Takano-Yutani, 2001);;1;;
445;Propensity of amino acids within pi-helices (Fodje-Al-Karadaghi, 2002);helix;;;
446;Hydropathy scale based on self-information values in the two-state model (5% accessibility) (Naderi-Manesh et al., 2001);;;;
447;Hydropathy scale based on self-information values in the two-state model (9% accessibility) (Naderi-Manesh et al., 2001);;;;
448;Hydropathy scale based on self-information values in the two-state model (16% accessibility) (Naderi-Manesh et al., 2001);;;;
449;Hydropathy scale based on self-information values in the two-state model (20% accessibility) (Naderi-Manesh et al., 2001);;;;
450;Hydropathy scale based on self-information values in the two-state model (25% accessibility) (Naderi-Manesh et al., 2001);;;;
451;Hydropathy scale based on self-information values in the two-state model (36% accessibility) (Naderi-Manesh et al., 2001);;;;
452;Hydropathy scale based on self-information values in the two-state model (50% accessibility) (Naderi-Manesh et al., 2001);;;;
453;Averaged turn propensities in a transmembrane helix (Monne et al., 1999);helix;;;
454;Alpha-helix propensity derived from designed sequences (Koehl-Levitt, 1999);helix;;;
455;Beta-sheet propensity derived from designed sequences (Koehl-Levitt, 1999);sheet;;;
456;Composition of amino acids in extracellular proteins (percent) (Cedano et al., 1997);;;;
457;Composition of amino acids in anchored proteins (percent) (Cedano et al., 1997);;;;
458;Composition of amino acids in membrane proteins (percent) (Cedano et al., 1997);;;;
459;Composition of amino acids in intracellular proteins (percent) (Cedano et al., 1997);;;;
460;Composition of amino acids in nuclear proteins (percent) (Cedano et al., 1997);;;;
461;Surface composition of amino acids in intracellular proteins of thermophiles (percent) (Fukuchi-Nishikawa, 2001);;;;
462;Surface composition of amino acids in intracellular proteins of mesophiles (percent) (Fukuchi-Nishikawa, 2001);;;;
463;Surface composition of amino acids in extracellular proteins of mesophiles (percent) (Fukuchi-Nishikawa, 2001);;;;
464;Surface composition of amino acids in nuclear proteins (percent) (Fukuchi-Nishikawa, 2001);;;;
465;Interior composition of amino acids in intracellular proteins of thermophiles (percent) (Fukuchi-Nishikawa, 2001);;;;
466;Interior composition of amino acids in intracellular proteins of mesophiles (percent) (Fukuchi-Nishikawa, 2001);;;;
467;Interior composition of amino acids in extracellular proteins of mesophiles (percent) (Fukuchi-Nishikawa, 2001);;;;
468;Interior composition of amino acids in nuclear proteins (percent) (Fukuchi-Nishikawa, 2001);;;;
469;Entire chain composition of amino acids in intracellular proteins of thermophiles (percent) (Fukuchi-Nishikawa, 2001);;;;
470;Entire chain composition of amino acids in intracellular proteins of mesophiles (percent) (Fukuchi-Nishikawa, 2001);;;;
471;Entire chain composition of amino acids in extracellular proteins of mesophiles (percent) (Fukuchi-Nishikawa, 2001);;;;
472;Entire chain compositino of amino acids in nuclear proteins (percent) (Fukuchi-Nishikawa, 2001);;;;
473;Screening coefficients gamma, local (Avbelj, 2000);;;;
474;Screening coefficients gamma, non-local (Avbelj, 2000);;;;
475;Slopes tripeptide, FDPB VFF neutral (Avbelj, 2000);;;;
476;Slopes tripeptides, LD VFF neutral (Avbelj, 2000);;;;
477;Slopes tripeptide, FDPB VFF noside (Avbelj, 2000);;;;
478;Slopes tripeptide FDPB VFF all (Avbelj, 2000);;;;
479;Slopes tripeptide FDPB PARSE neutral (Avbelj, 2000);;;;
480;Slopes dekapeptide, FDPB VFF neutral (Avbelj, 2000);;;;
481;Slopes proteins, FDPB VFF neutral (Avbelj, 2000);;;;
482;Side-chain conformation by gaussian evolutionary method (Yang et al., 2002);;;;
483;Amphiphilicity index (Mitaku et al., 2002);;;;
484;Volumes including the crystallographic waters using the ProtOr (Tsai et al., 1999);;;;
485;Volumes not including the crystallographic waters using the ProtOr (Tsai et al., 1999);;;;
486;Electron-ion interaction potential values (Cosic, 1994);;;;
487;Hydrophobicity scales (Ponnuswamy, 1993);hydrophobicity;;;
488;Hydrophobicity coefficient in RP-HPLC, C18 with 0.1%TFA/MeCN/H2O (Wilce et al. 1995);hydrophobicity;;;
489;Hydrophobicity coefficient in RP-HPLC, C8 with 0.1%TFA/MeCN/H2O (Wilce et al. 1995);hydrophobicity;;;
490;Hydrophobicity coefficient in RP-HPLC, C4 with 0.1%TFA/MeCN/H2O (Wilce et al. 1995);hydrophobicity;;;
491;Hydrophobicity coefficient in RP-HPLC, C18 with 0.1%TFA/2-PrOH/MeCN/H2O (Wilce et al. 1995);hydrophobicity;;;
492;Hydrophilicity scale (Kuhn et al., 1995);hydrophobicity;;;
493;Retention coefficient at pH 2 (Guo et al., 1986);;;;
494;Modified Kyte-Doolittle hydrophobicity scale (Juretic et al., 1998);hydrophobicity;1;;
495;Interactivity scale obtained from the contact matrix (Bastolla et al., 2005);;;;
496;Interactivity scale obtained by maximizing the mean of correlation coefficient over single-domain globular proteins (Bastolla et al., 2005);;;;
497;Interactivity scale obtained by maximizing the mean of correlation coefficient over pairs of sequences sharing the TIM barrel fold (Bastolla et al., 2005);;;;
498;Linker propensity index (Suyama-Ohara, 2003);;;;
499;Knowledge-based membrane-propensity scale from 1D_Helix in MPtopo databases (Punta-Maritan, 2003);helix;;;
500;Knowledge-based membrane-propensity scale from 3D_Helix in MPtopo databases (Punta-Maritan, 2003);helix;;;
501;Linker propensity from all dataset (George-Heringa, 2003);;;;
502;Linker propensity from 1-linker dataset (George-Heringa, 2003);;;;
503;Linker propensity from 2-linker dataset (George-Heringa, 2003);;;;
504;Linker propensity from 3-linker dataset (George-Heringa, 2003);;;;
505;Linker propensity from small dataset (linker length is less than six residues) (George-Heringa, 2003);;;;
506;Linker propensity from medium dataset (linker length is between six and 14 residues) (George-Heringa, 2003);;;;
507;Linker propensity from long dataset (linker length is greater than 14 residues) (George-Heringa, 2003);;;;
508;Linker propensity from helical (annotated by DSSP) dataset (George-Heringa, 2003);helix;;;
509;Linker propensity from non-helical (annotated by DSSP) dataset (George-Heringa, 2003);helix;;;
510;The stability scale from the knowledge-based atom-atom potential (Zhou-Zhou, 2004);;;;
511;The relative stability scale extracted from mutation experiments (Zhou-Zhou, 2004);;;;
512;Buriability (Zhou-Zhou, 2004);;1;;
513;Linker index (Bae et al., 2005);;;;
514;Mean volumes of residues buried in protein interiors (Harpaz et al., 1994);;;;
515;Average volumes of residues (Pontius et al., 1996);size;1;;
516;Hydrostatic pressure asymmetry index, PAI (Di Giulio, 2005);;;;
517;Hydrophobicity index (Wolfenden et al., 1979);hydrophobicity;;;
518;Average internal preferences (Olsen, 1980);;;;
519;Hydrophobicity-related index (Kidera et al., 1985);hydrophobicity;1;;
520;Apparent partition energies calculated from Wertz-Scheraga index (Guy, 1985);;;;
521;Apparent partition energies calculated from Robson-Osguthorpe index (Guy, 1985);;;;
522;Apparent partition energies calculated from Janin index (Guy, 1985);;;;
523;Apparent partition energies calculated from Chothia index (Guy, 1985);;;;
524;Hydropathies of amino acid side chains, neutral form (Roseman, 1988);;;;
525;Hydropathies of amino acid side chains, pi-values in pH 7.0 (Roseman, 1988);;;;
526;Weights from the IFH scale (Jacobs-White, 1989);;;;
527;Hydrophobicity index, 3.0 pH (Cowan-Whittaker, 1990);hydrophobicity;;;
528;Scaled side chain hydrophobicity values (Black-Mould, 1991);hydrophobicity;1;;
529;Hydrophobicity scale from native protein structures (Casari-Sippl, 1992);hydrophobicity;1;;
530;NNEIG index (Cornette et al., 1987);;;;
531;SWEIG index (Cornette et al., 1987);;;;
532;PRIFT index (Cornette et al., 1987);;;;
533;PRILS index (Cornette et al., 1987);;;;
534;ALTFT index (Cornette et al., 1987);;;;
535;ALTLS index (Cornette et al., 1987);;;;
536;TOTFT index (Cornette et al., 1987);;;;
537;TOTLS index (Cornette et al., 1987);;;;
538;Relative partition energies derived by the Bethe approximation (Miyazawa-Jernigan, 1999);;;;
539;Optimized relative partition energies - method A (Miyazawa-Jernigan, 1999);;;;
540;Optimized relative partition energies - method B (Miyazawa-Jernigan, 1999);;;;
541;Optimized relative partition energies - method C (Miyazawa-Jernigan, 1999);;;;
542;Optimized relative partition energies - method D (Miyazawa-Jernigan, 1999);;;;
543;Hydrophobicity index (Engelman et al., 1986);hydrophobicity;1;;
544;Hydrophobicity index (Fasman, 1989);hydrophobicity;1;;
