name;rep33;AmyLoad
Prolactin_1;GAARCQVTLRDLFDRAVVLSHYIHNLSS;LPICPGGAARCQTVLRDLFDRAVVLSHYIHNLSS
Prolactin_2;RYTHGRGFITKAINS;none
Calcitonin;DFNKFH;none
Apolipoprotein A-I;DEPPQSPWDRVKDLATVYVDVLKDSGRDYVSQFEGSALGKQLNLKLLDNWDSVTSTFSKLREQLGPVTQEFWDNLEKETEGLRQEMSKDLEEV;DEPPQSPWDRVKDLATVYVDVLKDSRRDYVSQFEGSALGKQLNLKLLDNWDSVTSTFSKLREQLGPVTQEFWDNLEKETEGLR
Casein (Bovine);ALNEINQFYQKFPQYLQYLYQGPIVLNPWDQVKRNAVPITPTLNR;none
Serum Amyloid A;RSFFSFLGEAFD;SFFSFLGEAFD
Transthyretin_1;CPLMVKVLDAV;none
Transthyretin_2;YTIAALLSPYS;YTIAALLSPYS
Lactoferrin;NAGDVAFV;NAGDVAFV
Major Prion Protein_1;KTNMKHMAGAAAAGAVVGGLGGYMLGSAMSRPIIHFGSDYED;none
Major Prion Protein_2;SNQNNFVHDCVNITIKQHTVTTTT;none
Major Prion Protein_3;DVKMMERVVEQMCITQY;none
Major Prion Protein_4;SMVLFSSPPVILLISFLIFLIVG;none
Semenogelin I;QKGGSKGRLPSEFSQFPHGQKGQHYSGQKGKQQTESKGSFSIQYTYHVDANDHDQSRKSQQYDLNALHKTTKSQRHLGGSQQLLHNKQEGRDHDKSKGHFHRVVIHHKGGKAHRGTQNPSQDQGNSPSGKGISSQYSNTEER;none
Beta-amyloid protein 42;EVHHQKLVFFAEDVGSNKGAIIGLMVGGVVIA;DAEFRHDSGYEVHHQKLVFFAEDVGSNKGAIIGLMVGGVVIA
Gelsolin;ATEVPVSWESFNNGDCFILDLGNNIHQWCGSNSNRYERLKATQVSKGIRDNERSGRAR;SFNNGDCFILD
Tau_1;GKVQIINKKLDL;none
Tau_2;VQIVYK;PGGGKVQIVYKPV
IAPP (Amylin);ATQRLANFLVHSSNNFGAILSSTNVGSNTY;NFGAILSS
Lung Surfactant;HLKRLLIVVVVVVLIVVVIVGALLMG;none
Alpha-synuclein_1;EGVLYVGSKT;GKTKEGVLYVGSKTKEGVVHGVATVAEKTKEQVTNVGGAVVTGVTAVAQKTVEGAGSIAAATGFVKKDQLGKNEEGAPQ
Alpha-synuclein_2;VHGVATVAEKTKEQVTNVGGAVVTGVTAVAQKTV;GKTKEGVLYVGSKTKEGVVHGVATVAEKTKEQVTNVGGAVVTGVTAVAQKTVEGAGSIAAATGFVKKDQLGKNEEGAPQ
Alpha-synuclein_3;GSIAAATGFV;GKTKEGVLYVGSKTKEGVVHGVATVAEKTKEQVTNVGGAVVTGVTAVAQKTVEGAGSIAAATGFVKKDQLGKNEEGAPQ
Lysozyme C_1;RCELARTLKR;RCELARTLKR
Lysozyme C_2;LANWMCLAKW;LANWMCLAKW
Lysozyme C_3;IFQINS;GIFQINSRYW
Beta2-microglobulin_1;NFLNCYVSGFH;none
Beta2-microglobulin_2;SDIEVDLLK;none
Beta2-microglobulin_3;DWSFYLLYYTEFT;YLLYYT
Beta2-microglobulin_4;NHVTLSQ;none
Beta2-microglobulin_5;KIVKWD;none
Medin;VTGIITQGARNFGSVQFVA;none
ProBNP;KMVLYTL;none
Apolipoprotein C-II;MSTYTGIFTDQ;TAAMSTYTGIFTDQVLSV
ODAM;MPYVFSFKMPQEQGQMFQYYPVYMVLPWEQPQQTVPRSPQQTRQQQ;none
Cystatin C;SFQIYA;SFQIYA
Insulin (Chain B);LVEALYL;LVEALY
Insulin (Chain A);LYQLEN;LYQLEN
Beta-lactoglobulin_1;DIQKVAGTWY;none
Beta-lactoglobulin_2;KYLLFCMENS;none
Beta-lactoglobulin_3;SLACQCLVRTP;none
Beta-lactoglobulin_4;HIRLSFN;none
Acylphosphatase-2_1;RVQGVCFRMYTEDEAR;QGVSFRMYTEDEARKI
Acylphosphatase-2_2;SKLEYSNFSIRY;ISKLEYSNFSVRY
Amphoterin (Rat);MSSYAFFVQTCREEHK;MSSYAFFVQTCREEHK
Cold shock protein CspB;MLEGKVKWFNSEKGFGFIEVEGQDDVFVHFSAIQGEGFKTLEEGQAVSFEIVEGNRGPQAANVTKEA;VSFEIV
Kerato-epithelin;FSMLVAAIQSAGLTETLN;none
Myoglobin (Horse)_1;GLSDGEWQQVLNVWGKVEADIAGHGQEVL;none
Myoglobin (Horse)_2;IKYLEFISDAIIHVLHSK;IKYLEFISQAIIHVLHSR
RepA (P. syringae);LVLCAASLI;none
Sup35 (S. cerevisiae);GNNQQNY;GNNQQNYQQY
Ure2p (S. cerevisiae);MMNNNGNQVSNLSNALRQVNIGNRNSNTTTDQSNINFEFSTGVNNNNNNNSSSNNNNVQNNNSGRNGSQNNDNENNIKNTLEQHRQQQQ;none
Het-s (P. anserina);KIDAIVGRNSAKDIRTEERARVQLGNVVTAAALHGGIRISDQTTNSVETVVGKGESRVLIGNEYGGKGFWDN;none